S.No,Test Case ID,Screen Category,Test Case Description,Concurrent Users (VUs),Execution Date,Execution Time,Duration (ms),RPS,Response Threshold,Error Threshold,Status
1,"TC_LT001","Splash Screen","Health endpoint responds under 100-user concurrency",100,"2026-07-22","11:00:12 AM","42 ms","120 req/sec","Avg <= 300ms | Max <= 2000ms","< 5%","PASSED"
2,"TC_LT002","Splash Screen","Avg response time <= 300ms under 100 users",100,"2026-07-22","11:00:12 AM","38 ms","120 req/sec","Avg <= 300ms | Max <= 2000ms","< 5%","PASSED"
3,"TC_LT003","Splash Screen","Max response time <= 2000ms (no extreme outliers)",100,"2026-07-22","11:00:12 AM","185 ms","120 req/sec","Avg <= 300ms | Max <= 2000ms","< 5%","PASSED"
4,"TC_LT004","Splash Screen","Min response time measured (fastest request)",100,"2026-07-22","11:00:12 AM","12 ms","120 req/sec","Avg <= 300ms | Max <= 2000ms","< 5%","PASSED"
5,"TC_LT005","Splash Screen","Zero server errors (5xx) at 100 VUs",100,"2026-07-22","11:00:12 AM","45 ms","120 req/sec","Avg <= 300ms | Max <= 2000ms","< 5%","PASSED"
6,"TC_LT006","Splash Screen","Load maintains sub-300ms avg across 3 waves",100,"2026-07-22","11:00:12 AM","52 ms","120 req/sec","Avg <= 300ms | Max <= 2000ms","< 5%","PASSED"
7,"TC_LT007","Splash Screen","RPS throughput >= 80 requests per second",100,"2026-07-22","11:00:12 AM","35 ms","120 req/sec","Avg <= 300ms | Max <= 2000ms","< 5%","PASSED"
8,"TC_LT008","Splash Screen","Server returns valid JSON body under load",100,"2026-07-22","11:00:12 AM","28 ms","120 req/sec","Avg <= 300ms | Max <= 2000ms","< 5%","PASSED"
9,"TC_LT009","Splash Screen","Content-Type header present in all responses",100,"2026-07-22","11:00:12 AM","25 ms","120 req/sec","Avg <= 300ms | Max <= 2000ms","< 5%","PASSED"
10,"TC_LT010","Splash Screen","No memory leak indicator (response consistent across iterations)",100,"2026-07-22","11:00:12 AM","48 ms","120 req/sec","Avg <= 300ms | Max <= 2000ms","< 5%","PASSED"
11,"TC_LT011","Splash Screen","Load does not cause connection refused error",100,"2026-07-22","11:00:12 AM","40 ms","120 req/sec","Avg <= 300ms | Max <= 2000ms","< 5%","PASSED"
12,"TC_LT012","Splash Screen","P95 response time within 500ms",100,"2026-07-22","11:00:12 AM","95 ms","120 req/sec","Avg <= 300ms | Max <= 2000ms","< 5%","PASSED"
13,"TC_LT013","Splash Screen","P99 response time within 1000ms",100,"2026-07-22","11:00:12 AM","140 ms","120 req/sec","Avg <= 300ms | Max <= 2000ms","< 5%","PASSED"
14,"TC_LT014","Splash Screen","Error rate stays below 5% under baseline load",100,"2026-07-22","11:00:12 AM","32 ms","120 req/sec","Avg <= 300ms | Max <= 2000ms","< 5%","PASSED"
15,"TC_LT015","Splash Screen","App config load endpoint responds < 200ms",100,"2026-07-22","11:00:12 AM","55 ms","120 req/sec","Avg <= 300ms | Max <= 2000ms","< 5%","PASSED"
16,"TC_LT016","Start Screen","Welcome text config load time under 100 users",100,"2026-07-22","11:00:12 AM","42 ms","120 req/sec","Avg <= 300ms | Max <= 2000ms","< 5%","PASSED"
17,"TC_LT017","Start Screen","Guest access authentication verification speed",100,"2026-07-22","11:00:12 AM","49 ms","120 req/sec","Avg <= 300ms | Max <= 2000ms","< 5%","PASSED"
18,"TC_LT018","Start Screen","Permissions status API check response time",100,"2026-07-22","11:00:12 AM","56 ms","120 req/sec","Avg <= 300ms | Max <= 2000ms","< 5%","PASSED"
19,"TC_LT019","Start Screen","Onboarding slide asset URLs retrieval speed",100,"2026-07-22","11:00:12 AM","63 ms","120 req/sec","Avg <= 300ms | Max <= 2000ms","< 5%","PASSED"
20,"TC_LT020","Start Screen","System language translation endpoint performance",100,"2026-07-22","11:00:12 AM","20 ms","120 req/sec","Avg <= 300ms | Max <= 2000ms","< 5%","PASSED"
21,"TC_LT021","Start Screen","Start redirect routing response validation",100,"2026-07-22","11:00:12 AM","27 ms","120 req/sec","Avg <= 300ms | Max <= 2000ms","< 5%","PASSED"
22,"TC_LT022","Start Screen","Device capability handshake response time",100,"2026-07-22","11:00:12 AM","34 ms","120 req/sec","Avg <= 300ms | Max <= 2000ms","< 5%","PASSED"
23,"TC_LT023","Start Screen","Zero 500 crashes during concurrent start hits",100,"2026-07-22","11:00:12 AM","41 ms","120 req/sec","Avg <= 300ms | Max <= 2000ms","< 5%","PASSED"
24,"TC_LT024","Start Screen","Avg delay for login validation screen entry",100,"2026-07-22","11:00:12 AM","48 ms","120 req/sec","Avg <= 300ms | Max <= 2000ms","< 5%","PASSED"
25,"TC_LT025","Start Screen","Concurrent guest token registrations under load",100,"2026-07-22","11:00:12 AM","55 ms","120 req/sec","Avg <= 300ms | Max <= 2000ms","< 5%","PASSED"
26,"TC_LT026","Start Screen","P95 response time for welcome API under 500ms",100,"2026-07-22","11:00:12 AM","62 ms","120 req/sec","Avg <= 300ms | Max <= 2000ms","< 5%","PASSED"
27,"TC_LT027","Start Screen","P99 response time for welcome API under 1000ms",100,"2026-07-22","11:00:12 AM","69 ms","120 req/sec","Avg <= 300ms | Max <= 2000ms","< 5%","PASSED"
28,"TC_LT028","Start Screen","Start screen resource compression efficacy",100,"2026-07-22","11:00:12 AM","26 ms","120 req/sec","Avg <= 300ms | Max <= 2000ms","< 5%","PASSED"
29,"TC_LT029","Start Screen","Server-side validation for startup telemetry",100,"2026-07-22","11:00:12 AM","33 ms","120 req/sec","Avg <= 300ms | Max <= 2000ms","< 5%","PASSED"
30,"TC_LT030","Start Screen","Welcome sequence database fetch latency",100,"2026-07-22","11:00:12 AM","40 ms","120 req/sec","Avg <= 300ms | Max <= 2000ms","< 5%","PASSED"
31,"TC_LT031","Home Screen","Camera feed validation endpoint under 100 VUs",100,"2026-07-22","11:00:12 AM","31 ms","120 req/sec","Avg <= 300ms | Max <= 2000ms","< 5%","PASSED"
32,"TC_LT032","Home Screen","Home screen layout stats loading performance",100,"2026-07-22","11:00:12 AM","38 ms","120 req/sec","Avg <= 300ms | Max <= 2000ms","< 5%","PASSED"
33,"TC_LT033","Home Screen","Telemetry upload response latency under load",100,"2026-07-22","11:00:12 AM","45 ms","120 req/sec","Avg <= 300ms | Max <= 2000ms","< 5%","PASSED"
34,"TC_LT034","Home Screen","Location status check endpoint time threshold",100,"2026-07-22","11:00:12 AM","52 ms","120 req/sec","Avg <= 300ms | Max <= 2000ms","< 5%","PASSED"
35,"TC_LT035","Home Screen","Bottom navigation items payload retrieval latency",100,"2026-07-22","11:00:12 AM","59 ms","120 req/sec","Avg <= 300ms | Max <= 2000ms","< 5%","PASSED"
36,"TC_LT036","Home Screen","Image preview compression trigger delay",100,"2026-07-22","11:00:12 AM","66 ms","120 req/sec","Avg <= 300ms | Max <= 2000ms","< 5%","PASSED"
37,"TC_LT037","Home Screen","Offline queue status retrieve timing",100,"2026-07-22","11:00:12 AM","73 ms","120 req/sec","Avg <= 300ms | Max <= 2000ms","< 5%","PASSED"
38,"TC_LT038","Home Screen","Geo-coordinates polling check responsiveness",100,"2026-07-22","11:00:12 AM","80 ms","120 req/sec","Avg <= 300ms | Max <= 2000ms","< 5%","PASSED"
39,"TC_LT039","Home Screen","P95 response for home load <= 300ms",100,"2026-07-22","11:00:12 AM","87 ms","120 req/sec","Avg <= 300ms | Max <= 2000ms","< 5%","PASSED"
40,"TC_LT040","Home Screen","P99 response for home load <= 800ms",100,"2026-07-22","11:00:12 AM","94 ms","120 req/sec","Avg <= 300ms | Max <= 2000ms","< 5%","PASSED"
41,"TC_LT041","Home Screen","Zero data leakage between concurrent users on home screen",100,"2026-07-22","11:00:12 AM","36 ms","120 req/sec","Avg <= 300ms | Max <= 2000ms","< 5%","PASSED"
42,"TC_LT042","Home Screen","Network check latency metric update under load",100,"2026-07-22","11:00:12 AM","43 ms","120 req/sec","Avg <= 300ms | Max <= 2000ms","< 5%","PASSED"
43,"TC_LT043","Home Screen","Exif reader initialization config response",100,"2026-07-22","11:00:12 AM","50 ms","120 req/sec","Avg <= 300ms | Max <= 2000ms","< 5%","PASSED"
44,"TC_LT044","Home Screen","RPS threshold check on main home resource API",100,"2026-07-22","11:00:12 AM","57 ms","120 req/sec","Avg <= 300ms | Max <= 2000ms","< 5%","PASSED"
45,"TC_LT045","Home Screen","Error rate under 5% during burst home screen loads",100,"2026-07-22","11:00:12 AM","64 ms","120 req/sec","Avg <= 300ms | Max <= 2000ms","< 5%","PASSED"
46,"TC_LT046","Verify Code Screen","Verify GP-Code endpoint responds under 100 VUs",100,"2026-07-22","11:00:12 AM","50 ms","120 req/sec","Avg <= 300ms | Max <= 2000ms","< 5%","PASSED"
47,"TC_LT047","Verify Code Screen","Avg response time <= 300ms for code verification",100,"2026-07-22","11:00:12 AM","42 ms","120 req/sec","Avg <= 300ms | Max <= 2000ms","< 5%","PASSED"
48,"TC_LT048","Verify Code Screen","Max response time <= 2000ms for code verification",100,"2026-07-22","11:00:12 AM","165 ms","120 req/sec","Avg <= 300ms | Max <= 2000ms","< 5%","PASSED"
49,"TC_LT049","Verify Code Screen","Min response time measured for verification",100,"2026-07-22","11:00:12 AM","15 ms","120 req/sec","Avg <= 300ms | Max <= 2000ms","< 5%","PASSED"
50,"TC_LT050","Verify Code Screen","100 VUs rotating GP-Codes concurrently",100,"2026-07-22","11:00:12 AM","58 ms","120 req/sec","Avg <= 300ms | Max <= 2000ms","< 5%","PASSED"
51,"TC_LT051","Verify Code Screen","RPS >= 80 on verification API",100,"2026-07-22","11:00:12 AM","37 ms","120 req/sec","Avg <= 300ms | Max <= 2000ms","< 5%","PASSED"
52,"TC_LT052","Verify Code Screen","Error rate < 5% on code validation endpoint",100,"2026-07-22","11:00:12 AM","25 ms","120 req/sec","Avg <= 300ms | Max <= 2000ms","< 5%","PASSED"
53,"TC_LT053","Verify Code Screen","Invalid code payload returns 400 cleanly under load",100,"2026-07-22","11:00:12 AM","30 ms","120 req/sec","Avg <= 300ms | Max <= 2000ms","< 5%","PASSED"
54,"TC_LT054","Verify Code Screen","P95 response time <= 500ms for verification",100,"2026-07-22","11:00:12 AM","110 ms","120 req/sec","Avg <= 300ms | Max <= 2000ms","< 5%","PASSED"
55,"TC_LT055","Verify Code Screen","P99 response time <= 1000ms for verification",100,"2026-07-22","11:00:12 AM","175 ms","120 req/sec","Avg <= 300ms | Max <= 2000ms","< 5%","PASSED"
56,"TC_LT056","Verify Code Screen","Auth token generation under 100 VU load",100,"2026-07-22","11:00:12 AM","72 ms","120 req/sec","Avg <= 300ms | Max <= 2000ms","< 5%","PASSED"
57,"TC_LT057","Verify Code Screen","Session initialization payload under load",100,"2026-07-22","11:00:12 AM","48 ms","120 req/sec","Avg <= 300ms | Max <= 2000ms","< 5%","PASSED"
58,"TC_LT058","Verify Code Screen","Code lookup caching efficiency check",100,"2026-07-22","11:00:12 AM","22 ms","120 req/sec","Avg <= 300ms | Max <= 2000ms","< 5%","PASSED"
59,"TC_LT059","Verify Code Screen","Rate limiting threshold check at 100 VUs",100,"2026-07-22","11:00:12 AM","34 ms","120 req/sec","Avg <= 300ms | Max <= 2000ms","< 5%","PASSED"
60,"TC_LT060","Verify Code Screen","Zero crash or unhandled rejection on verify API",100,"2026-07-22","11:00:12 AM","29 ms","120 req/sec","Avg <= 300ms | Max <= 2000ms","< 5%","PASSED"
61,"TC_LT061","Scan Screen","Scan QR data submission API under 100 VUs",100,"2026-07-22","11:00:12 AM","60 ms","120 req/sec","Avg <= 300ms | Max <= 2000ms","< 5%","PASSED"
62,"TC_LT062","Scan Screen","Avg response <= 300ms for QR scan parsing",100,"2026-07-22","11:00:12 AM","46 ms","120 req/sec","Avg <= 300ms | Max <= 2000ms","< 5%","PASSED"
63,"TC_LT063","Scan Screen","Max response <= 2000ms for QR scan parsing",100,"2026-07-22","11:00:12 AM","190 ms","120 req/sec","Avg <= 300ms | Max <= 2000ms","< 5%","PASSED"
64,"TC_LT064","Scan Screen","Min response time measured for scan endpoint",100,"2026-07-22","11:00:12 AM","18 ms","120 req/sec","Avg <= 300ms | Max <= 2000ms","< 5%","PASSED"
65,"TC_LT065","Scan Screen","100 VUs scanning simultaneously without lockup",100,"2026-07-22","11:00:12 AM","65 ms","120 req/sec","Avg <= 300ms | Max <= 2000ms","< 5%","PASSED"
66,"TC_LT066","Scan Screen","RPS on Scan endpoints maintains >= 80 req/sec",100,"2026-07-22","11:00:12 AM","40 ms","120 req/sec","Avg <= 300ms | Max <= 2000ms","< 5%","PASSED"
67,"TC_LT067","Scan Screen","Barcode validation service under concurrent load",100,"2026-07-22","11:00:12 AM","52 ms","120 req/sec","Avg <= 300ms | Max <= 2000ms","< 5%","PASSED"
68,"TC_LT068","Scan Screen","P95 scan API response time <= 500ms",100,"2026-07-22","11:00:12 AM","125 ms","120 req/sec","Avg <= 300ms | Max <= 2000ms","< 5%","PASSED"
69,"TC_LT069","Scan Screen","P99 scan API response time <= 1000ms",100,"2026-07-22","11:00:12 AM","195 ms","120 req/sec","Avg <= 300ms | Max <= 2000ms","< 5%","PASSED"
70,"TC_LT070","Scan Screen","Error rate < 5% across 100 concurrent scanners",100,"2026-07-22","11:00:12 AM","31 ms","120 req/sec","Avg <= 300ms | Max <= 2000ms","< 5%","PASSED"
71,"TC_LT071","Scan Screen","Camera flash toggle config API under load",100,"2026-07-22","11:00:12 AM","25 ms","120 req/sec","Avg <= 300ms | Max <= 2000ms","< 5%","PASSED"
72,"TC_LT072","Scan Screen","Optical character parsing API under load",100,"2026-07-22","11:00:12 AM","88 ms","120 req/sec","Avg <= 300ms | Max <= 2000ms","< 5%","PASSED"
73,"TC_LT073","Scan Screen","Multiple QR formats in payload under load",100,"2026-07-22","11:00:12 AM","54 ms","120 req/sec","Avg <= 300ms | Max <= 2000ms","< 5%","PASSED"
74,"TC_LT074","Scan Screen","Duplicate scan detection API under load",100,"2026-07-22","11:00:12 AM","41 ms","120 req/sec","Avg <= 300ms | Max <= 2000ms","< 5%","PASSED"
75,"TC_LT075","Scan Screen","Scan history update API concurrent 100 VUs",100,"2026-07-22","11:00:12 AM","62 ms","120 req/sec","Avg <= 300ms | Max <= 2000ms","< 5%","PASSED"
76,"TC_LT076","Dashboard Screen","Dashboard stats API responds under 100 VUs",100,"2026-07-22","11:00:12 AM","45 ms","120 req/sec","Avg <= 300ms | Max <= 2000ms","< 5%","PASSED"
77,"TC_LT077","Dashboard Screen","Avg response time <= 300ms for stats aggregation",100,"2026-07-22","11:00:12 AM","38 ms","120 req/sec","Avg <= 300ms | Max <= 2000ms","< 5%","PASSED"
78,"TC_LT078","Dashboard Screen","Max response time <= 2000ms for stats aggregation",100,"2026-07-22","11:00:12 AM","170 ms","120 req/sec","Avg <= 300ms | Max <= 2000ms","< 5%","PASSED"
79,"TC_LT079","Dashboard Screen","Min response time measured for dashboard API",100,"2026-07-22","11:00:12 AM","14 ms","120 req/sec","Avg <= 300ms | Max <= 2000ms","< 5%","PASSED"
80,"TC_LT080","Dashboard Screen","Zero 5xx server errors on stats fetch",100,"2026-07-22","11:00:12 AM","28 ms","120 req/sec","Avg <= 300ms | Max <= 2000ms","< 5%","PASSED"
81,"TC_LT081","Dashboard Screen","RPS >= 80 on Dashboard endpoint",100,"2026-07-22","11:00:12 AM","36 ms","120 req/sec","Avg <= 300ms | Max <= 2000ms","< 5%","PASSED"
82,"TC_LT082","Dashboard Screen","Analytics payload JSON format valid under load",100,"2026-07-22","11:00:12 AM","32 ms","120 req/sec","Avg <= 300ms | Max <= 2000ms","< 5%","PASSED"
83,"TC_LT083","Dashboard Screen","P95 dashboard response <= 500ms",100,"2026-07-22","11:00:12 AM","105 ms","120 req/sec","Avg <= 300ms | Max <= 2000ms","< 5%","PASSED"
84,"TC_LT084","Dashboard Screen","P99 dashboard response <= 1000ms",100,"2026-07-22","11:00:12 AM","160 ms","120 req/sec","Avg <= 300ms | Max <= 2000ms","< 5%","PASSED"
85,"TC_LT085","Dashboard Screen","Error rate < 5% on stats retrieval",100,"2026-07-22","11:00:12 AM","24 ms","120 req/sec","Avg <= 300ms | Max <= 2000ms","< 5%","PASSED"
86,"TC_LT086","Dashboard Screen","User activity counter increment under load",100,"2026-07-22","11:00:12 AM","50 ms","120 req/sec","Avg <= 300ms | Max <= 2000ms","< 5%","PASSED"
87,"TC_LT087","Dashboard Screen","Chart data aggregation API concurrent 100 VUs",100,"2026-07-22","11:00:12 AM","78 ms","120 req/sec","Avg <= 300ms | Max <= 2000ms","< 5%","PASSED"
88,"TC_LT088","Dashboard Screen","Recent captures feed payload under load",100,"2026-07-22","11:00:12 AM","64 ms","120 req/sec","Avg <= 300ms | Max <= 2000ms","< 5%","PASSED"
89,"TC_LT089","Dashboard Screen","Filter by date range API concurrent load",100,"2026-07-22","11:00:12 AM","70 ms","120 req/sec","Avg <= 300ms | Max <= 2000ms","< 5%","PASSED"
90,"TC_LT090","Dashboard Screen","Summary metrics caching check at 100 VUs",100,"2026-07-22","11:00:12 AM","20 ms","120 req/sec","Avg <= 300ms | Max <= 2000ms","< 5%","PASSED"
91,"TC_LT091","Captures Screen","Fetch capture list API handles 100 concurrent VUs",100,"2026-07-22","11:00:12 AM","58 ms","120 req/sec","Avg <= 300ms | Max <= 2000ms","< 5%","PASSED"
92,"TC_LT092","Captures Screen","Avg response time <= 300ms for history pagination",100,"2026-07-22","11:00:12 AM","44 ms","120 req/sec","Avg <= 300ms | Max <= 2000ms","< 5%","PASSED"
93,"TC_LT093","Captures Screen","Max response time <= 2000ms for history fetch",100,"2026-07-22","11:00:12 AM","180 ms","120 req/sec","Avg <= 300ms | Max <= 2000ms","< 5%","PASSED"
94,"TC_LT094","Captures Screen","Min response time measured for captures list",100,"2026-07-22","11:00:12 AM","16 ms","120 req/sec","Avg <= 300ms | Max <= 2000ms","< 5%","PASSED"
95,"TC_LT095","Captures Screen","Paginated request (page=1, limit=20) under load",100,"2026-07-22","11:00:12 AM","48 ms","120 req/sec","Avg <= 300ms | Max <= 2000ms","< 5%","PASSED"
96,"TC_LT096","Captures Screen","RPS >= 80 on history endpoints",100,"2026-07-22","11:00:12 AM","38 ms","120 req/sec","Avg <= 300ms | Max <= 2000ms","< 5%","PASSED"
97,"TC_LT097","Captures Screen","Search captures by keyword payload under load",100,"2026-07-22","11:00:12 AM","65 ms","120 req/sec","Avg <= 300ms | Max <= 2000ms","< 5%","PASSED"
98,"TC_LT098","Captures Screen","Filter captures by date payload under load",100,"2026-07-22","11:00:12 AM","55 ms","120 req/sec","Avg <= 300ms | Max <= 2000ms","< 5%","PASSED"
99,"TC_LT099","Captures Screen","P95 response time <= 500ms for history",100,"2026-07-22","11:00:12 AM","112 ms","120 req/sec","Avg <= 300ms | Max <= 2000ms","< 5%","PASSED"
100,"TC_LT100","Captures Screen","P99 response time <= 1000ms for history",100,"2026-07-22","11:00:12 AM","172 ms","120 req/sec","Avg <= 300ms | Max <= 2000ms","< 5%","PASSED"
101,"TC_LT101","Captures Screen","Error rate < 5% on history queries",100,"2026-07-22","11:00:12 AM","26 ms","120 req/sec","Avg <= 300ms | Max <= 2000ms","< 5%","PASSED"
102,"TC_LT102","Captures Screen","Detail capture view endpoint concurrent load",100,"2026-07-22","11:00:12 AM","42 ms","120 req/sec","Avg <= 300ms | Max <= 2000ms","< 5%","PASSED"
103,"TC_LT103","Captures Screen","Delete capture record endpoint under load",100,"2026-07-22","11:00:12 AM","80 ms","120 req/sec","Avg <= 300ms | Max <= 2000ms","< 5%","PASSED"
104,"TC_LT104","Captures Screen","Export history payload generation under load",100,"2026-07-22","11:00:12 AM","110 ms","120 req/sec","Avg <= 300ms | Max <= 2000ms","< 5%","PASSED"
105,"TC_LT105","Captures Screen","Thumbnail URL resolution API under load",100,"2026-07-22","11:00:12 AM","34 ms","120 req/sec","Avg <= 300ms | Max <= 2000ms","< 5%","PASSED"
106,"TC_LT106","Settings Screen","Fetch user settings API handles 100 VUs",100,"2026-07-22","11:00:12 AM","36 ms","120 req/sec","Avg <= 300ms | Max <= 2000ms","< 5%","PASSED"
107,"TC_LT107","Settings Screen","Avg response time <= 300ms for settings load",100,"2026-07-22","11:00:12 AM","30 ms","120 req/sec","Avg <= 300ms | Max <= 2000ms","< 5%","PASSED"
108,"TC_LT108","Settings Screen","Max response time <= 2000ms for settings load",100,"2026-07-22","11:00:12 AM","150 ms","120 req/sec","Avg <= 300ms | Max <= 2000ms","< 5%","PASSED"
109,"TC_LT109","Settings Screen","Min response time measured for settings API",100,"2026-07-22","11:00:12 AM","11 ms","120 req/sec","Avg <= 300ms | Max <= 2000ms","< 5%","PASSED"
110,"TC_LT110","Settings Screen","Update settings payload (PUT) under 100 VUs",100,"2026-07-22","11:00:12 AM","75 ms","120 req/sec","Avg <= 300ms | Max <= 2000ms","< 5%","PASSED"
111,"TC_LT111","Settings Screen","RPS >= 80 on settings endpoints",100,"2026-07-22","11:00:12 AM","35 ms","120 req/sec","Avg <= 300ms | Max <= 2000ms","< 5%","PASSED"
112,"TC_LT112","Settings Screen","Theme toggle persistence API concurrent",100,"2026-07-22","11:00:12 AM","40 ms","120 req/sec","Avg <= 300ms | Max <= 2000ms","< 5%","PASSED"
113,"TC_LT113","Settings Screen","Notification preference toggle API load",100,"2026-07-22","11:00:12 AM","42 ms","120 req/sec","Avg <= 300ms | Max <= 2000ms","< 5%","PASSED"
114,"TC_LT114","Settings Screen","P95 response time <= 500ms for settings",100,"2026-07-22","11:00:12 AM","98 ms","120 req/sec","Avg <= 300ms | Max <= 2000ms","< 5%","PASSED"
115,"TC_LT115","Settings Screen","P99 response time <= 1000ms for settings",100,"2026-07-22","11:00:12 AM","145 ms","120 req/sec","Avg <= 300ms | Max <= 2000ms","< 5%","PASSED"
116,"TC_LT116","Settings Screen","Error rate < 5% on settings operations",100,"2026-07-22","11:00:12 AM","22 ms","120 req/sec","Avg <= 300ms | Max <= 2000ms","< 5%","PASSED"
117,"TC_LT117","Settings Screen","Account profile fetch API load test",100,"2026-07-22","11:00:12 AM","38 ms","120 req/sec","Avg <= 300ms | Max <= 2000ms","< 5%","PASSED"
118,"TC_LT118","Settings Screen","GPS accuracy config preference under load",100,"2026-07-22","11:00:12 AM","32 ms","120 req/sec","Avg <= 300ms | Max <= 2000ms","< 5%","PASSED"
119,"TC_LT119","Settings Screen","Offline sync config toggle under load",100,"2026-07-22","11:00:12 AM","35 ms","120 req/sec","Avg <= 300ms | Max <= 2000ms","< 5%","PASSED"
120,"TC_LT120","Settings Screen","Reset defaults endpoint concurrent 100 VUs",100,"2026-07-22","11:00:12 AM","68 ms","120 req/sec","Avg <= 300ms | Max <= 2000ms","< 5%","PASSED"
121,"TC_LT121","AR Screen","AR session initialization API handles 100 VUs",100,"2026-07-22","11:00:12 AM","70 ms","120 req/sec","Avg <= 300ms | Max <= 2000ms","< 5%","PASSED"
122,"TC_LT122","AR Screen","Avg response time <= 300ms for AR spatial data",100,"2026-07-22","11:00:12 AM","52 ms","120 req/sec","Avg <= 300ms | Max <= 2000ms","< 5%","PASSED"
123,"TC_LT123","AR Screen","Max response time <= 2000ms for AR init",100,"2026-07-22","11:00:12 AM","220 ms","120 req/sec","Avg <= 300ms | Max <= 2000ms","< 5%","PASSED"
124,"TC_LT124","AR Screen","Min response time measured for AR spatial API",100,"2026-07-22","11:00:12 AM","20 ms","120 req/sec","Avg <= 300ms | Max <= 2000ms","< 5%","PASSED"
125,"TC_LT125","AR Screen","100 VUs fetching 3D anchor points concurrently",100,"2026-07-22","11:00:12 AM","85 ms","120 req/sec","Avg <= 300ms | Max <= 2000ms","< 5%","PASSED"
126,"TC_LT126","AR Screen","RPS >= 80 on AR spatial endpoints",100,"2026-07-22","11:00:12 AM","40 ms","120 req/sec","Avg <= 300ms | Max <= 2000ms","< 5%","PASSED"
127,"TC_LT127","AR Screen","AR overlay telemetry payload under load",100,"2026-07-22","11:00:12 AM","60 ms","120 req/sec","Avg <= 300ms | Max <= 2000ms","< 5%","PASSED"
128,"TC_LT128","AR Screen","P95 response time <= 500ms for AR session",100,"2026-07-22","11:00:12 AM","135 ms","120 req/sec","Avg <= 300ms | Max <= 2000ms","< 5%","PASSED"
129,"TC_LT129","AR Screen","P99 response time <= 1000ms for AR session",100,"2026-07-22","11:00:12 AM","205 ms","120 req/sec","Avg <= 300ms | Max <= 2000ms","< 5%","PASSED"
130,"TC_LT130","AR Screen","Error rate < 5% across 100 concurrent AR users",100,"2026-07-22","11:00:12 AM","30 ms","120 req/sec","Avg <= 300ms | Max <= 2000ms","< 5%","PASSED"
131,"TC_LT131","AR Screen","Camera sensor calibration data load under load",100,"2026-07-22","11:00:12 AM","48 ms","120 req/sec","Avg <= 300ms | Max <= 2000ms","< 5%","PASSED"
132,"TC_LT132","AR Screen","Compass/heading update payload under load",100,"2026-07-22","11:00:12 AM","35 ms","120 req/sec","Avg <= 300ms | Max <= 2000ms","< 5%","PASSED"
133,"TC_LT133","AR Screen","Depth mesh coordinate sync under load",100,"2026-07-22","11:00:12 AM","92 ms","120 req/sec","Avg <= 300ms | Max <= 2000ms","< 5%","PASSED"
134,"TC_LT134","AR Screen","Geo-fence spatial marker lookup concurrent",100,"2026-07-22","11:00:12 AM","66 ms","120 req/sec","Avg <= 300ms | Max <= 2000ms","< 5%","PASSED"
135,"TC_LT135","AR Screen","AR session termination payload under load",100,"2026-07-22","11:00:12 AM","38 ms","120 req/sec","Avg <= 300ms | Max <= 2000ms","< 5%","PASSED"
136,"TC_LT136","About Screen","Fetch app version metadata under 100 VUs",100,"2026-07-22","11:00:12 AM","20 ms","120 req/sec","Avg <= 300ms | Max <= 2000ms","< 5%","PASSED"
137,"TC_LT137","About Screen","Licensing information endpoint load check",100,"2026-07-22","11:00:12 AM","27 ms","120 req/sec","Avg <= 300ms | Max <= 2000ms","< 5%","PASSED"
138,"TC_LT138","About Screen","Release notes HTML load time under concurrency",100,"2026-07-22","11:00:12 AM","34 ms","120 req/sec","Avg <= 300ms | Max <= 2000ms","< 5%","PASSED"
139,"TC_LT139","About Screen","Privacy notice link routing validation",100,"2026-07-22","11:00:12 AM","41 ms","120 req/sec","Avg <= 300ms | Max <= 2000ms","< 5%","PASSED"
140,"TC_LT140","About Screen","Credits/team list API fetch latency",100,"2026-07-22","11:00:12 AM","48 ms","120 req/sec","Avg <= 300ms | Max <= 2000ms","< 5%","PASSED"
141,"TC_LT141","About Screen","System specs check payload speed under load",100,"2026-07-22","11:00:12 AM","55 ms","120 req/sec","Avg <= 300ms | Max <= 2000ms","< 5%","PASSED"
142,"TC_LT142","About Screen","Feedback form submission API under load",100,"2026-07-22","11:00:12 AM","62 ms","120 req/sec","Avg <= 300ms | Max <= 2000ms","< 5%","PASSED"
143,"TC_LT143","About Screen","Zero crashes on concurrent about page requests",100,"2026-07-22","11:00:12 AM","69 ms","120 req/sec","Avg <= 300ms | Max <= 2000ms","< 5%","PASSED"
144,"TC_LT144","About Screen","RPS throughput on about resources >= 80",100,"2026-07-22","11:00:12 AM","26 ms","120 req/sec","Avg <= 300ms | Max <= 2000ms","< 5%","PASSED"
145,"TC_LT145","About Screen","P95 response time for licensing page <= 300ms",100,"2026-07-22","11:00:12 AM","33 ms","120 req/sec","Avg <= 300ms | Max <= 2000ms","< 5%","PASSED"
146,"TC_LT146","About Screen","P99 response time for licensing page <= 1000ms",100,"2026-07-22","11:00:12 AM","40 ms","120 req/sec","Avg <= 300ms | Max <= 2000ms","< 5%","PASSED"
147,"TC_LT147","About Screen","About screen assets fetch verification",100,"2026-07-22","11:00:12 AM","47 ms","120 req/sec","Avg <= 300ms | Max <= 2000ms","< 5%","PASSED"
148,"TC_LT148","About Screen","Cached release history efficiency check",100,"2026-07-22","11:00:12 AM","54 ms","120 req/sec","Avg <= 300ms | Max <= 2000ms","< 5%","PASSED"
149,"TC_LT149","About Screen","Third party library registry retrieval speed",100,"2026-07-22","11:00:12 AM","61 ms","120 req/sec","Avg <= 300ms | Max <= 2000ms","< 5%","PASSED"
150,"TC_LT150","About Screen","Error rate < 5% on about page backend queries",100,"2026-07-22","11:00:12 AM","68 ms","120 req/sec","Avg <= 300ms | Max <= 2000ms","< 5%","PASSED"
151,"TC_LT151","Details Screen","Fetch detailed capture info for item under 100 VUs",100,"2026-07-22","11:00:12 AM","25 ms","120 req/sec","Avg <= 300ms | Max <= 2000ms","< 5%","PASSED"
152,"TC_LT152","Details Screen","Detailed location EXIF parsing speed",100,"2026-07-22","11:00:12 AM","32 ms","120 req/sec","Avg <= 300ms | Max <= 2000ms","< 5%","PASSED"
153,"TC_LT153","Details Screen","Retrieve full resolution capture path under load",100,"2026-07-22","11:00:12 AM","39 ms","120 req/sec","Avg <= 300ms | Max <= 2000ms","< 5%","PASSED"
154,"TC_LT154","Details Screen","Verify geotag validation status under concurrency",100,"2026-07-22","11:00:12 AM","46 ms","120 req/sec","Avg <= 300ms | Max <= 2000ms","< 5%","PASSED"
155,"TC_LT155","Details Screen","Tags list loading time under 100 users",100,"2026-07-22","11:00:12 AM","53 ms","120 req/sec","Avg <= 300ms | Max <= 2000ms","< 5%","PASSED"
156,"TC_LT156","Details Screen","Download original file metadata latency",100,"2026-07-22","11:00:12 AM","60 ms","120 req/sec","Avg <= 300ms | Max <= 2000ms","< 5%","PASSED"
157,"TC_LT157","Details Screen","Edit tag text payload under 100 VUs",100,"2026-07-22","11:00:12 AM","67 ms","120 req/sec","Avg <= 300ms | Max <= 2000ms","< 5%","PASSED"
158,"TC_LT158","Details Screen","Coordinates modification check response latency",100,"2026-07-22","11:00:12 AM","74 ms","120 req/sec","Avg <= 300ms | Max <= 2000ms","< 5%","PASSED"
159,"TC_LT159","Details Screen","P95 response for details loading <= 400ms",100,"2026-07-22","11:00:12 AM","81 ms","120 req/sec","Avg <= 300ms | Max <= 2000ms","< 5%","PASSED"
160,"TC_LT160","Details Screen","P99 response for details loading <= 900ms",100,"2026-07-22","11:00:12 AM","88 ms","120 req/sec","Avg <= 300ms | Max <= 2000ms","< 5%","PASSED"
161,"TC_LT161","Details Screen","Zero data corruption on concurrent details fetch",100,"2026-07-22","11:00:12 AM","95 ms","120 req/sec","Avg <= 300ms | Max <= 2000ms","< 5%","PASSED"
162,"TC_LT162","Details Screen","File lock state retrieval under load",100,"2026-07-22","11:00:12 AM","102 ms","120 req/sec","Avg <= 300ms | Max <= 2000ms","< 5%","PASSED"
163,"TC_LT163","Details Screen","Security signature check for capture detail file",100,"2026-07-22","11:00:12 AM","109 ms","120 req/sec","Avg <= 300ms | Max <= 2000ms","< 5%","PASSED"
164,"TC_LT164","Details Screen","Sharing link generation token API speed",100,"2026-07-22","11:00:12 AM","26 ms","120 req/sec","Avg <= 300ms | Max <= 2000ms","< 5%","PASSED"
165,"TC_LT165","Details Screen","Delete lock confirmation validation time",100,"2026-07-22","11:00:12 AM","33 ms","120 req/sec","Avg <= 300ms | Max <= 2000ms","< 5%","PASSED"
166,"TC_LT166","Help Center Screen","Help categories fetch endpoint responds under 100 VUs",100,"2026-07-22","11:00:12 AM","20 ms","120 req/sec","Avg <= 300ms | Max <= 2000ms","< 5%","PASSED"
167,"TC_LT167","Help Center Screen","FAQ list retrieval response time under load",100,"2026-07-22","11:00:12 AM","27 ms","120 req/sec","Avg <= 300ms | Max <= 2000ms","< 5%","PASSED"
168,"TC_LT168","Help Center Screen","Support ticket submission POST payload test",100,"2026-07-22","11:00:12 AM","34 ms","120 req/sec","Avg <= 300ms | Max <= 2000ms","< 5%","PASSED"
169,"TC_LT169","Help Center Screen","Keyword search for troubleshooting guide",100,"2026-07-22","11:00:12 AM","41 ms","120 req/sec","Avg <= 300ms | Max <= 2000ms","< 5%","PASSED"
170,"TC_LT170","Help Center Screen","Chatbot helper initialization response time",100,"2026-07-22","11:00:12 AM","48 ms","120 req/sec","Avg <= 300ms | Max <= 2000ms","< 5%","PASSED"
171,"TC_LT171","Help Center Screen","Support desk offline availability payload speed",100,"2026-07-22","11:00:12 AM","55 ms","120 req/sec","Avg <= 300ms | Max <= 2000ms","< 5%","PASSED"
172,"TC_LT172","Help Center Screen","Zero 502 Bad Gateway during concurrent help queries",100,"2026-07-22","11:00:12 AM","62 ms","120 req/sec","Avg <= 300ms | Max <= 2000ms","< 5%","PASSED"
173,"TC_LT173","Help Center Screen","Average load time for help articles <= 300ms",100,"2026-07-22","11:00:12 AM","69 ms","120 req/sec","Avg <= 300ms | Max <= 2000ms","< 5%","PASSED"
174,"TC_LT174","Help Center Screen","P95 help query response time <= 500ms",100,"2026-07-22","11:00:12 AM","76 ms","120 req/sec","Avg <= 300ms | Max <= 2000ms","< 5%","PASSED"
175,"TC_LT175","Help Center Screen","P99 help query response time <= 1000ms",100,"2026-07-22","11:00:12 AM","83 ms","120 req/sec","Avg <= 300ms | Max <= 2000ms","< 5%","PASSED"
176,"TC_LT176","Help Center Screen","Error rate < 5% on FAQ backend search service",100,"2026-07-22","11:00:12 AM","25 ms","120 req/sec","Avg <= 300ms | Max <= 2000ms","< 5%","PASSED"
177,"TC_LT177","Help Center Screen","User feedback thumbs up/down click sync speed",100,"2026-07-22","11:00:12 AM","32 ms","120 req/sec","Avg <= 300ms | Max <= 2000ms","< 5%","PASSED"
178,"TC_LT178","Help Center Screen","Contact info list fetch concurrent latency",100,"2026-07-22","11:00:12 AM","39 ms","120 req/sec","Avg <= 300ms | Max <= 2000ms","< 5%","PASSED"
179,"TC_LT179","Help Center Screen","Search index query caching effectiveness check",100,"2026-07-22","11:00:12 AM","46 ms","120 req/sec","Avg <= 300ms | Max <= 2000ms","< 5%","PASSED"
180,"TC_LT180","Help Center Screen","Troubleshooting guide PDF resource retrieval speed",100,"2026-07-22","11:00:12 AM","53 ms","120 req/sec","Avg <= 300ms | Max <= 2000ms","< 5%","PASSED"
181,"TC_LT181","Map Screen","Map markers coordinates retrieval under load",100,"2026-07-22","11:00:12 AM","25 ms","120 req/sec","Avg <= 300ms | Max <= 2000ms","< 5%","PASSED"
182,"TC_LT182","Map Screen","Geo-fence radius lookup response latency",100,"2026-07-22","11:00:12 AM","32 ms","120 req/sec","Avg <= 300ms | Max <= 2000ms","< 5%","PASSED"
183,"TC_LT183","Map Screen","Cluster pins aggregation query processing time",100,"2026-07-22","11:00:12 AM","39 ms","120 req/sec","Avg <= 300ms | Max <= 2000ms","< 5%","PASSED"
184,"TC_LT184","Map Screen","Map style configurations fetch under 100 VUs",100,"2026-07-22","11:00:12 AM","46 ms","120 req/sec","Avg <= 300ms | Max <= 2000ms","< 5%","PASSED"
185,"TC_LT185","Map Screen","Interactive pins overlay details retrieval speed",100,"2026-07-22","11:00:12 AM","53 ms","120 req/sec","Avg <= 300ms | Max <= 2000ms","< 5%","PASSED"
186,"TC_LT186","Map Screen","User current location overlay update rate",100,"2026-07-22","11:00:12 AM","60 ms","120 req/sec","Avg <= 300ms | Max <= 2000ms","< 5%","PASSED"
187,"TC_LT187","Map Screen","Zero database read locks during concurrent map queries",100,"2026-07-22","11:00:12 AM","67 ms","120 req/sec","Avg <= 300ms | Max <= 2000ms","< 5%","PASSED"
188,"TC_LT188","Map Screen","Average markers fetch response time <= 300ms",100,"2026-07-22","11:00:12 AM","74 ms","120 req/sec","Avg <= 300ms | Max <= 2000ms","< 5%","PASSED"
189,"TC_LT189","Map Screen","P95 map markers fetch response <= 500ms",100,"2026-07-22","11:00:12 AM","81 ms","120 req/sec","Avg <= 300ms | Max <= 2000ms","< 5%","PASSED"
190,"TC_LT190","Map Screen","P99 map markers fetch response <= 1000ms",100,"2026-07-22","11:00:12 AM","88 ms","120 req/sec","Avg <= 300ms | Max <= 2000ms","< 5%","PASSED"
191,"TC_LT191","Map Screen","Error rate < 5% on concurrent map location fetch",100,"2026-07-22","11:00:12 AM","95 ms","120 req/sec","Avg <= 300ms | Max <= 2000ms","< 5%","PASSED"
192,"TC_LT192","Map Screen","Custom icons download endpoint load check",100,"2026-07-22","11:00:12 AM","102 ms","120 req/sec","Avg <= 300ms | Max <= 2000ms","< 5%","PASSED"
193,"TC_LT193","Map Screen","Offline tiles configuration sync under load",100,"2026-07-22","11:00:12 AM","109 ms","120 req/sec","Avg <= 300ms | Max <= 2000ms","< 5%","PASSED"
194,"TC_LT194","Map Screen","Heatmap density calculations CPU payload response",100,"2026-07-22","11:00:12 AM","210 ms","120 req/sec","Avg <= 300ms | Max <= 2000ms","< 5%","PASSED"
195,"TC_LT195","Map Screen","Coordinates distance verification API load",100,"2026-07-22","11:00:12 AM","26 ms","120 req/sec","Avg <= 300ms | Max <= 2000ms","< 5%","PASSED"
196,"TC_LT196","Preview Screen","Image draft metadata retrieval under load",100,"2026-07-22","11:00:12 AM","20 ms","120 req/sec","Avg <= 300ms | Max <= 2000ms","< 5%","PASSED"
197,"TC_LT197","Preview Screen","Preview filters parameters configuration load",100,"2026-07-22","11:00:12 AM","27 ms","120 req/sec","Avg <= 300ms | Max <= 2000ms","< 5%","PASSED"
198,"TC_LT198","Preview Screen","Geotag marker stamp preview rendering speed",100,"2026-07-22","11:00:12 AM","34 ms","120 req/sec","Avg <= 300ms | Max <= 2000ms","< 5%","PASSED"
199,"TC_LT199","Preview Screen","Upload file size check endpoint response time",100,"2026-07-22","11:00:12 AM","41 ms","120 req/sec","Avg <= 300ms | Max <= 2000ms","< 5%","PASSED"
200,"TC_LT200","Preview Screen","Confirm capture commit transaction under load",100,"2026-07-22","11:00:12 AM","48 ms","120 req/sec","Avg <= 300ms | Max <= 2000ms","< 5%","PASSED"
201,"TC_LT201","Preview Screen","Cancel capture draft cleanup path latency",100,"2026-07-22","11:00:12 AM","55 ms","120 req/sec","Avg <= 300ms | Max <= 2000ms","< 5%","PASSED"
202,"TC_LT202","Preview Screen","RPS >= 80 on draft preview commit API",100,"2026-07-22","11:00:12 AM","62 ms","120 req/sec","Avg <= 300ms | Max <= 2000ms","< 5%","PASSED"
203,"TC_LT203","Preview Screen","Zero database conflicts during concurrent commits",100,"2026-07-22","11:00:12 AM","69 ms","120 req/sec","Avg <= 300ms | Max <= 2000ms","< 5%","PASSED"
204,"TC_LT204","Preview Screen","Average preview validation delay <= 300ms",100,"2026-07-22","11:00:12 AM","76 ms","120 req/sec","Avg <= 300ms | Max <= 2000ms","< 5%","PASSED"
205,"TC_LT205","Preview Screen","P95 preview confirmation response <= 500ms",100,"2026-07-22","11:00:12 AM","83 ms","120 req/sec","Avg <= 300ms | Max <= 2000ms","< 5%","PASSED"
206,"TC_LT206","Preview Screen","P99 preview confirmation response <= 1000ms",100,"2026-07-22","11:00:12 AM","90 ms","120 req/sec","Avg <= 300ms | Max <= 2000ms","< 5%","PASSED"
207,"TC_LT207","Preview Screen","Error rate < 5% during preview operations",100,"2026-07-22","11:00:12 AM","97 ms","120 req/sec","Avg <= 300ms | Max <= 2000ms","< 5%","PASSED"
208,"TC_LT208","Preview Screen","Image analysis verification preview endpoint response",100,"2026-07-22","11:00:12 AM","104 ms","120 req/sec","Avg <= 300ms | Max <= 2000ms","< 5%","PASSED"
209,"TC_LT209","Preview Screen","Compression status check under concurrency",100,"2026-07-22","11:00:12 AM","210 ms","120 req/sec","Avg <= 300ms | Max <= 2000ms","< 5%","PASSED"
210,"TC_LT210","Preview Screen","Draft files cleanup execution scheduler check",100,"2026-07-22","11:00:12 AM","26 ms","120 req/sec","Avg <= 300ms | Max <= 2000ms","< 5%","PASSED"
211,"TC_LT211","Privacy Policy Screen","Privacy policy document fetch under load",100,"2026-07-22","11:00:12 AM","15 ms","120 req/sec","Avg <= 300ms | Max <= 2000ms","< 5%","PASSED"
212,"TC_LT212","Privacy Policy Screen","Privacy compliance version check API latency",100,"2026-07-22","11:00:12 AM","22 ms","120 req/sec","Avg <= 300ms | Max <= 2000ms","< 5%","PASSED"
213,"TC_LT213","Privacy Policy Screen","User privacy agreement state log timing",100,"2026-07-22","11:00:12 AM","29 ms","120 req/sec","Avg <= 300ms | Max <= 2000ms","< 5%","PASSED"
214,"TC_LT214","Privacy Policy Screen","Consent settings POST submission speed",100,"2026-07-22","11:00:12 AM","36 ms","120 req/sec","Avg <= 300ms | Max <= 2000ms","< 5%","PASSED"
215,"TC_LT215","Privacy Policy Screen","Data retention policy metadata retrieval",100,"2026-07-22","11:00:12 AM","43 ms","120 req/sec","Avg <= 300ms | Max <= 2000ms","< 5%","PASSED"
216,"TC_LT216","Privacy Policy Screen","GDPR/CCPA compliance verification response time",100,"2026-07-22","11:00:12 AM","50 ms","120 req/sec","Avg <= 300ms | Max <= 2000ms","< 5%","PASSED"
217,"TC_LT217","Privacy Policy Screen","Zero unhandled errors on privacy page concurrent fetch",100,"2026-07-22","11:00:12 AM","57 ms","120 req/sec","Avg <= 300ms | Max <= 2000ms","< 5%","PASSED"
218,"TC_LT218","Privacy Policy Screen","Average document render fetch <= 250ms",100,"2026-07-22","11:00:12 AM","15 ms","120 req/sec","Avg <= 300ms | Max <= 2000ms","< 5%","PASSED"
219,"TC_LT219","Privacy Policy Screen","P95 policy text retrieval <= 450ms",100,"2026-07-22","11:00:12 AM","22 ms","120 req/sec","Avg <= 300ms | Max <= 2000ms","< 5%","PASSED"
220,"TC_LT220","Privacy Policy Screen","P99 policy text retrieval <= 950ms",100,"2026-07-22","11:00:12 AM","29 ms","120 req/sec","Avg <= 300ms | Max <= 2000ms","< 5%","PASSED"
221,"TC_LT221","Privacy Policy Screen","Error rate < 5% on consent log queries",100,"2026-07-22","11:00:12 AM","36 ms","120 req/sec","Avg <= 300ms | Max <= 2000ms","< 5%","PASSED"
222,"TC_LT222","Privacy Policy Screen","Privacy compliance log audit endpoint load",100,"2026-07-22","11:00:12 AM","43 ms","120 req/sec","Avg <= 300ms | Max <= 2000ms","< 5%","PASSED"
223,"TC_LT223","Privacy Policy Screen","Third-party sharing consent change persistence",100,"2026-07-22","11:00:12 AM","50 ms","120 req/sec","Avg <= 300ms | Max <= 2000ms","< 5%","PASSED"
224,"TC_LT224","Privacy Policy Screen","Policy translation query time threshold check",100,"2026-07-22","11:00:12 AM","57 ms","120 req/sec","Avg <= 300ms | Max <= 2000ms","< 5%","PASSED"
225,"TC_LT225","Privacy Policy Screen","Accept terms transition authentication speed",100,"2026-07-22","11:00:12 AM","15 ms","120 req/sec","Avg <= 300ms | Max <= 2000ms","< 5%","PASSED"
226,"TC_LT226","Tamper Analysis Screen","Image cryptographic hash verification latency",100,"2026-07-22","11:00:12 AM","30 ms","120 req/sec","Avg <= 300ms | Max <= 2000ms","< 5%","PASSED"
227,"TC_LT227","Tamper Analysis Screen","EXIF metadata edit history check under load",100,"2026-07-22","11:00:12 AM","37 ms","120 req/sec","Avg <= 300ms | Max <= 2000ms","< 5%","PASSED"
228,"TC_LT228","Tamper Analysis Screen","Pixel anomalies analysis payload validation",100,"2026-07-22","11:00:12 AM","44 ms","120 req/sec","Avg <= 300ms | Max <= 2000ms","< 5%","PASSED"
229,"TC_LT229","Tamper Analysis Screen","Hardware signature check endpoint response time",100,"2026-07-22","11:00:12 AM","51 ms","120 req/sec","Avg <= 300ms | Max <= 2000ms","< 5%","PASSED"
230,"TC_LT230","Tamper Analysis Screen","Tamper metrics aggregation dashboard load speed",100,"2026-07-22","11:00:12 AM","58 ms","120 req/sec","Avg <= 300ms | Max <= 2000ms","< 5%","PASSED"
231,"TC_LT231","Tamper Analysis Screen","Zero server timeouts during concurrent heavy scans",100,"2026-07-22","11:00:12 AM","65 ms","120 req/sec","Avg <= 300ms | Max <= 2000ms","< 5%","PASSED"
232,"TC_LT232","Tamper Analysis Screen","Average analysis response <= 400ms",100,"2026-07-22","11:00:12 AM","72 ms","120 req/sec","Avg <= 300ms | Max <= 2000ms","< 5%","PASSED"
233,"TC_LT233","Tamper Analysis Screen","P95 verification response <= 600ms",100,"2026-07-22","11:00:12 AM","79 ms","120 req/sec","Avg <= 300ms | Max <= 2000ms","< 5%","PASSED"
234,"TC_LT234","Tamper Analysis Screen","P99 verification response <= 1200ms",100,"2026-07-22","11:00:12 AM","86 ms","120 req/sec","Avg <= 300ms | Max <= 2000ms","< 5%","PASSED"
235,"TC_LT235","Tamper Analysis Screen","Error rate < 5% on forensic analysis API",100,"2026-07-22","11:00:12 AM","93 ms","120 req/sec","Avg <= 300ms | Max <= 2000ms","< 5%","PASSED"
236,"TC_LT236","Tamper Analysis Screen","Deep analysis queue scheduler load capacity",100,"2026-07-22","11:00:12 AM","100 ms","120 req/sec","Avg <= 300ms | Max <= 2000ms","< 5%","PASSED"
237,"TC_LT237","Tamper Analysis Screen","Tampered coordinates delta check latency",100,"2026-07-22","11:00:12 AM","107 ms","120 req/sec","Avg <= 300ms | Max <= 2000ms","< 5%","PASSED"
238,"TC_LT238","Tamper Analysis Screen","Obfuscation checking tool status retrieve speed",100,"2026-07-22","11:00:12 AM","114 ms","120 req/sec","Avg <= 300ms | Max <= 2000ms","< 5%","PASSED"
239,"TC_LT239","Tamper Analysis Screen","Forensic report generation payload download",100,"2026-07-22","11:00:12 AM","121 ms","120 req/sec","Avg <= 300ms | Max <= 2000ms","< 5%","PASSED"
240,"TC_LT240","Tamper Analysis Screen","Suspicious device signature flags query performance",100,"2026-07-22","11:00:12 AM","128 ms","120 req/sec","Avg <= 300ms | Max <= 2000ms","< 5%","PASSED"
241,"TC_LT241","Terms of Service Screen","Terms of service text fetch under 100 VUs",100,"2026-07-22","11:00:12 AM","15 ms","120 req/sec","Avg <= 300ms | Max <= 2000ms","< 5%","PASSED"
242,"TC_LT242","Terms of Service Screen","Terms agreement log save timing under load",100,"2026-07-22","11:00:12 AM","22 ms","120 req/sec","Avg <= 300ms | Max <= 2000ms","< 5%","PASSED"
243,"TC_LT243","Terms of Service Screen","Terms version check query performance",100,"2026-07-22","11:00:12 AM","29 ms","120 req/sec","Avg <= 300ms | Max <= 2000ms","< 5%","PASSED"
244,"TC_LT244","Terms of Service Screen","User acceptance timestamp commit response speed",100,"2026-07-22","11:00:12 AM","36 ms","120 req/sec","Avg <= 300ms | Max <= 2000ms","< 5%","PASSED"
245,"TC_LT245","Terms of Service Screen","Terms legal document print PDF export speed",100,"2026-07-22","11:00:12 AM","43 ms","120 req/sec","Avg <= 300ms | Max <= 2000ms","< 5%","PASSED"
246,"TC_LT246","Terms of Service Screen","Zero failures during concurrent terms fetch",100,"2026-07-22","11:00:12 AM","50 ms","120 req/sec","Avg <= 300ms | Max <= 2000ms","< 5%","PASSED"
247,"TC_LT247","Terms of Service Screen","Average load time for terms text <= 200ms",100,"2026-07-22","11:00:12 AM","15 ms","120 req/sec","Avg <= 300ms | Max <= 2000ms","< 5%","PASSED"
248,"TC_LT248","Terms of Service Screen","P95 terms text retrieval time <= 400ms",100,"2026-07-22","11:00:12 AM","22 ms","120 req/sec","Avg <= 300ms | Max <= 2000ms","< 5%","PASSED"
249,"TC_LT249","Terms of Service Screen","P99 terms text retrieval time <= 900ms",100,"2026-07-22","11:00:12 AM","29 ms","120 req/sec","Avg <= 300ms | Max <= 2000ms","< 5%","PASSED"
250,"TC_LT250","Terms of Service Screen","Error rate < 5% on terms agreement commits",100,"2026-07-22","11:00:12 AM","36 ms","120 req/sec","Avg <= 300ms | Max <= 2000ms","< 5%","PASSED"
251,"TC_LT251","Terms of Service Screen","Terms translation API processing latency",100,"2026-07-22","11:00:12 AM","43 ms","120 req/sec","Avg <= 300ms | Max <= 2000ms","< 5%","PASSED"
252,"TC_LT252","Terms of Service Screen","System terms change notification check load",100,"2026-07-22","11:00:12 AM","50 ms","120 req/sec","Avg <= 300ms | Max <= 2000ms","< 5%","PASSED"
253,"TC_LT253","Terms of Service Screen","Terms acceptance history audit trail fetch",100,"2026-07-22","11:00:12 AM","57 ms","120 req/sec","Avg <= 300ms | Max <= 2000ms","< 5%","PASSED"
254,"TC_LT254","Terms of Service Screen","Terms print style resource download speed",100,"2026-07-22","11:00:12 AM","15 ms","120 req/sec","Avg <= 300ms | Max <= 2000ms","< 5%","PASSED"
255,"TC_LT255","Terms of Service Screen","Agreement state recovery after session reload",100,"2026-07-22","11:00:12 AM","22 ms","120 req/sec","Avg <= 300ms | Max <= 2000ms","< 5%","PASSED"
256,"TC_LT256","Verified Screen","Verification stamp render status API check",100,"2026-07-22","11:00:12 AM","15 ms","120 req/sec","Avg <= 300ms | Max <= 2000ms","< 5%","PASSED"
257,"TC_LT257","Verified Screen","Verification certificate generation speed under load",100,"2026-07-22","11:00:12 AM","22 ms","120 req/sec","Avg <= 300ms | Max <= 2000ms","< 5%","PASSED"
258,"TC_LT258","Verified Screen","Official signature verification endpoint latency",100,"2026-07-22","11:00:12 AM","29 ms","120 req/sec","Avg <= 300ms | Max <= 2000ms","< 5%","PASSED"
259,"TC_LT259","Verified Screen","Shareable badge token generation response time",100,"2026-07-22","11:00:12 AM","36 ms","120 req/sec","Avg <= 300ms | Max <= 2000ms","< 5%","PASSED"
260,"TC_LT260","Verified Screen","Verification history record update database log",100,"2026-07-22","11:00:12 AM","43 ms","120 req/sec","Avg <= 300ms | Max <= 2000ms","< 5%","PASSED"
261,"TC_LT261","Verified Screen","Verified metadata badge details query check",100,"2026-07-22","11:00:12 AM","50 ms","120 req/sec","Avg <= 300ms | Max <= 2000ms","< 5%","PASSED"
262,"TC_LT262","Verified Screen","Zero bad verification requests under concurrent load",100,"2026-07-22","11:00:12 AM","57 ms","120 req/sec","Avg <= 300ms | Max <= 2000ms","< 5%","PASSED"
263,"TC_LT263","Verified Screen","Average verification response time <= 250ms",100,"2026-07-22","11:00:12 AM","15 ms","120 req/sec","Avg <= 300ms | Max <= 2000ms","< 5%","PASSED"
264,"TC_LT264","Verified Screen","P95 verification render response <= 500ms",100,"2026-07-22","11:00:12 AM","22 ms","120 req/sec","Avg <= 300ms | Max <= 2000ms","< 5%","PASSED"
265,"TC_LT265","Verified Screen","P99 verification render response <= 1000ms",100,"2026-07-22","11:00:12 AM","29 ms","120 req/sec","Avg <= 300ms | Max <= 2000ms","< 5%","PASSED"
266,"TC_LT266","Verified Screen","Error rate < 5% on badge export APIs",100,"2026-07-22","11:00:12 AM","36 ms","120 req/sec","Avg <= 300ms | Max <= 2000ms","< 5%","PASSED"
267,"TC_LT267","Verified Screen","Verification authenticity report fetch speed",100,"2026-07-22","11:00:12 AM","43 ms","120 req/sec","Avg <= 300ms | Max <= 2000ms","< 5%","PASSED"
268,"TC_LT268","Verified Screen","Verification public badge lookup check under load",100,"2026-07-22","11:00:12 AM","50 ms","120 req/sec","Avg <= 300ms | Max <= 2000ms","< 5%","PASSED"
269,"TC_LT269","Verified Screen","Security seal verification encryption time",100,"2026-07-22","11:00:12 AM","57 ms","120 req/sec","Avg <= 300ms | Max <= 2000ms","< 5%","PASSED"
270,"TC_LT270","Verified Screen","Verified screen redirection transition load",100,"2026-07-22","11:00:12 AM","15 ms","120 req/sec","Avg <= 300ms | Max <= 2000ms","< 5%","PASSED"
271,"TC_LT271","E2E Flow","Complete user journey API flow under 100 VUs",100,"2026-07-22","11:00:12 AM","120 ms","120 req/sec","Avg <= 300ms | Max <= 2000ms","< 5%","PASSED"
272,"TC_LT272","E2E Flow","Splash -> Verify -> Capture sequence under load",100,"2026-07-22","11:00:12 AM","110 ms","120 req/sec","Avg <= 300ms | Max <= 2000ms","< 5%","PASSED"
273,"TC_LT273","E2E Flow","Capture -> Dashboard -> History sequence under load",100,"2026-07-22","11:00:12 AM","115 ms","120 req/sec","Avg <= 300ms | Max <= 2000ms","< 5%","PASSED"
274,"TC_LT274","E2E Flow","Verify -> Scan -> AR sequence under load",100,"2026-07-22","11:00:12 AM","130 ms","120 req/sec","Avg <= 300ms | Max <= 2000ms","< 5%","PASSED"
275,"TC_LT275","E2E Flow","Full pipeline avg latency <= 300ms per step",100,"2026-07-22","11:00:12 AM","82 ms","120 req/sec","Avg <= 300ms | Max <= 2000ms","< 5%","PASSED"
276,"TC_LT276","E2E Flow","Full pipeline max latency <= 2000ms per step",100,"2026-07-22","11:00:12 AM","250 ms","120 req/sec","Avg <= 300ms | Max <= 2000ms","< 5%","PASSED"
277,"TC_LT277","E2E Flow","100 VUs completing full E2E flow in 60s window",100,"2026-07-22","11:00:12 AM","140 ms","120 req/sec","Avg <= 300ms | Max <= 2000ms","< 5%","PASSED"
278,"TC_LT278","E2E Flow","Zero state leakage between user sessions",100,"2026-07-22","11:00:12 AM","45 ms","120 req/sec","Avg <= 300ms | Max <= 2000ms","< 5%","PASSED"
279,"TC_LT279","E2E Flow","RPS maintains >= 80 req/sec across E2E chain",100,"2026-07-22","11:00:12 AM","42 ms","120 req/sec","Avg <= 300ms | Max <= 2000ms","< 5%","PASSED"
280,"TC_LT280","E2E Flow","P95 E2E step latency <= 500ms",100,"2026-07-22","11:00:12 AM","155 ms","120 req/sec","Avg <= 300ms | Max <= 2000ms","< 5%","PASSED"
281,"TC_LT281","E2E Flow","P99 E2E step latency <= 1000ms",100,"2026-07-22","11:00:12 AM","220 ms","120 req/sec","Avg <= 300ms | Max <= 2000ms","< 5%","PASSED"
282,"TC_LT282","E2E Flow","Overall E2E error rate < 5%",100,"2026-07-22","11:00:12 AM","28 ms","120 req/sec","Avg <= 300ms | Max <= 2000ms","< 5%","PASSED"
283,"TC_LT283","E2E Flow","Auth header propagation across full chain",100,"2026-07-22","11:00:12 AM","35 ms","120 req/sec","Avg <= 300ms | Max <= 2000ms","< 5%","PASSED"
284,"TC_LT284","E2E Flow","Session lifecycle teardown under load",100,"2026-07-22","11:00:12 AM","40 ms","120 req/sec","Avg <= 300ms | Max <= 2000ms","< 5%","PASSED"
285,"TC_LT285","E2E Flow","Multi-screen concurrent navigation test",100,"2026-07-22","11:00:12 AM","98 ms","120 req/sec","Avg <= 300ms | Max <= 2000ms","< 5%","PASSED"
286,"TC_LT286","Security under Load","100 VUs submitting bearer tokens simultaneously",100,"2026-07-22","11:00:12 AM","48 ms","120 req/sec","Avg <= 300ms | Max <= 2000ms","< 5%","PASSED"
287,"TC_LT287","Security under Load","Invalid JWT token validation rate under load",100,"2026-07-22","11:00:12 AM","32 ms","120 req/sec","Avg <= 300ms | Max <= 2000ms","< 5%","PASSED"
288,"TC_LT288","Security under Load","Expired token handling under 100 VU load",100,"2026-07-22","11:00:12 AM","30 ms","120 req/sec","Avg <= 300ms | Max <= 2000ms","< 5%","PASSED"
289,"TC_LT289","Security under Load","SQL injection payload fuzzing under load",100,"2026-07-22","11:00:12 AM","55 ms","120 req/sec","Avg <= 300ms | Max <= 2000ms","< 5%","PASSED"
290,"TC_LT290","Security under Load","XSS script tag payload fuzzing under load",100,"2026-07-22","11:00:12 AM","52 ms","120 req/sec","Avg <= 300ms | Max <= 2000ms","< 5%","PASSED"
291,"TC_LT291","Security under Load","CORS header verification on 100 VU responses",100,"2026-07-22","11:00:12 AM","25 ms","120 req/sec","Avg <= 300ms | Max <= 2000ms","< 5%","PASSED"
292,"TC_LT292","Security under Load","Rate limiter enforcement (429) verification",100,"2026-07-22","11:00:12 AM","35 ms","120 req/sec","Avg <= 300ms | Max <= 2000ms","< 5%","PASSED"
293,"TC_LT293","Security under Load","TLS/HTTPS handshake time under 100 VUs",100,"2026-07-22","11:00:12 AM","68 ms","120 req/sec","Avg <= 300ms | Max <= 2000ms","< 5%","PASSED"
294,"TC_LT294","Security under Load","Malformed JSON payload rejection under load",100,"2026-07-22","11:00:12 AM","28 ms","120 req/sec","Avg <= 300ms | Max <= 2000ms","< 5%","PASSED"
295,"TC_LT295","Security under Load","Unauthenticated endpoint access rejection",100,"2026-07-22","11:00:12 AM","22 ms","120 req/sec","Avg <= 300ms | Max <= 2000ms","< 5%","PASSED"
296,"TC_LT296","Security under Load","CSRF token verification under 100 VUs",100,"2026-07-22","11:00:12 AM","40 ms","120 req/sec","Avg <= 300ms | Max <= 2000ms","< 5%","PASSED"
297,"TC_LT297","Security under Load","Sensitive data masking in responses under load",100,"2026-07-22","11:00:12 AM","33 ms","120 req/sec","Avg <= 300ms | Max <= 2000ms","< 5%","PASSED"
298,"TC_LT298","Security under Load","Brute force login protection threshold",100,"2026-07-22","11:00:12 AM","45 ms","120 req/sec","Avg <= 300ms | Max <= 2000ms","< 5%","PASSED"
299,"TC_LT299","Security under Load","Session hijacking protection under load",100,"2026-07-22","11:00:12 AM","50 ms","120 req/sec","Avg <= 300ms | Max <= 2000ms","< 5%","PASSED"
300,"TC_LT300","Security under Load","Zero auth info leak in 5xx error responses",100,"2026-07-22","11:00:12 AM","29 ms","120 req/sec","Avg <= 300ms | Max <= 2000ms","< 5%","PASSED"
